id,timestamp,category,x1,x2,x3,y
1,2024-01-01 00:00:00,A,0.17517845559778916,-1.254598811526375,-0.8096035199216461,0.9794160769418268
2,2024-01-01 01:00:00,A,0.2022088913599509,4.507143064099161,0.4250610444640897,-5.105829478171997
3,2024-01-01 02:00:00,B,0.7691980363788655,2.3199394181140507,-0.4698393470709161,-0.7436503155149716
4,2024-01-01 03:00:00,A,1.1543328354359643,0.986584841970366,-0.005452270878279103,1.2811146019441555
5,2024-01-01 04:00:00,C,1.2278867700250227,-3.439813595575635,0.5622842480036996,6.569162518651808
6,2024-01-01 05:00:00,B,1.2159268897025404,-3.4400547966379733,0.03142226981093782,6.698861623701
7,2024-01-01 06:00:00,A,1.3894581524202798,-4.419163878318005,-0.4003858905265686,10.410097876781448
8,2024-01-01 07:00:00,C,1.3609807106267675,3.6617614577493516,-0.06060980392583083,-2.9882912941539734
9,2024-01-01 08:00:00,A,1.3197207580220327,1.0111501174320878,-0.02436295920533532,1.1827995074738311
10,2024-01-01 09:00:00,A,0.9727677591046489,2.0807257779604544,-0.2890110298821277,-0.6479375564734768
11,2024-01-01 10:00:00,A,0.6047560323050803,-4.7941550570419755,-0.15879606266710236,8.970030662119767
12,2024-01-01 11:00:00,A,0.6024408263963378,4.699098521619943,1.719647170504717,-4.189248580848005
13,2024-01-01 12:00:00,A,0.8681917902100307,3.324426408004218,0.7049194479412387,-2.89498884445374
14,2024-01-01 13:00:00,A,0.2625353374085602,-2.8766088932172384,-0.12648031802916035,4.426131314487293
15,2024-01-01 14:00:00,A,0.6729157943886698,-3.181750327928994,0.8929544045107356,7.690719429570763
16,2024-01-01 15:00:00,A,0.5425909870090401,-3.165954901465662,-0.10881948975600994,6.300628265479558
17,2024-01-01 16:00:00,B,0.7932456299778528,-1.9575775704046228,1.4291246375866413,5.408857325014163
18,2024-01-01 17:00:00,C,1.2945941392477356,0.24756431632237863,0.6586421921980938,3.826867870763519
19,2024-01-01 18:00:00,A,1.07175841487633,-0.6805498135788426,0.21669785599577113,3.208665719787757
20,2024-01-01 19:00:00,A,1.084773970096302,-2.0877085980195806,0.8087169258102775,5.096422203535804
21,2024-01-01 20:00:00,A,0.6535547488697725,1.118528947223795,-1.1708761520684994,-2.0663555436542915
22,2024-01-01 21:00:00,A,1.1994412086211734,-3.6050613934795814,-0.6857674689098052,6.279119696024109
23,2024-01-01 22:00:00,B,1.00542575149435,-2.0785535146478185,-0.7099250063990554,4.288331753237496
24,2024-01-01 23:00:00,B,1.2279408146869282,-1.336381567063083,0.6719430947637068,6.231732734115639
25,2024-01-02 00:00:00,A,0.2026044275008696,-0.43930015782964027,2.3085149994850918,2.105875910303764
26,2024-01-02 01:00:00,A,0.05000625920267703,2.8517596139301364,2.8563001461926323,-1.704111024517642
27,2024-01-02 02:00:00,A,-0.2501692723127156,-3.003262178416403,1.3140511014407572,4.399106258524366
28,2024-01-02 03:00:00,B,-0.13167062378007832,0.14234438413611628,1.229844474944457,0.246708714919797
29,2024-01-02 04:00:00,A,-0.8600755090599945,0.9241456886204249,-1.017057734152739,-5.43005695035807
30,2024-01-02 05:00:00,C,-0.9040154632911255,-4.5354958728000225,0.2983262002659782,5.013335613674027
31,2024-01-02 06:00:00,B,-0.8834160571099712,1.0754485190143832,0.11221624809176112,-3.4839372740730705
32,2024-01-02 07:00:00,A,-1.0119216594663978,-3.294758763127085,0.34015240174888395,3.730704691192634
33,2024-01-02 08:00:00,B,-1.1397697738386714,-4.349484070147205,0.8558561814152104,5.152652415931003
34,2024-01-02 09:00:00,C,-0.8408057494398591,4.488855372533333,0.6169094223028726,-9.119759144789466
35,2024-01-02 10:00:00,B,-0.44960750513031794,4.656320330745594,-0.8232998103757878,-7.458137110636113
36,2024-01-02 11:00:00,A,-0.9572130691896994,3.0839734811646107,1.972910256117534,-4.751755115010292
37,2024-01-02 12:00:00,A,-0.5147611655600333,-1.9538623082662934,0.22325697426019353,2.2782702278650153
38,2024-01-02 13:00:00,C,-0.7150343373559421,-4.023278859936161,1.6082468641111496,5.882264753096138
39,2024-01-02 14:00:00,B,-0.15061430275723559,1.8423302651215687,3.5180826697499734,-0.7680153146190651
40,2024-01-02 15:00:00,B,-1.0232676216109173,-0.5984750626039865,0.6016154084135767,-0.44972798283626736
41,2024-01-02 16:00:00,C,-0.8340359046608887,-3.7796176515522117,-0.9302875227463296,3.7327130857380584
42,2024-01-02 17:00:00,C,-0.6779324797568982,-0.048230898887298146,1.3949957781198892,-1.9144176800324926
43,2024-01-02 18:00:00,C,-0.4473288910715569,-4.656114788847816,2.864959634998571,7.842721271781373
44,2024-01-02 19:00:00,A,-1.0382719648125647,4.093204020787821,3.8073474542205936,-5.425418967833975
45,2024-01-02 20:00:00,B,-1.2386240824093935,-2.412200183999831,0.7064504055475831,1.9623830413133039
46,2024-01-02 21:00:00,B,-0.49473780091881314,1.6252228435398202,2.5216992232365216,-0.21663948263101362
47,2024-01-02 22:00:00,B,-1.4035956126299394,-1.8828892391058902,1.6506895432199467,0.5659534533781316
48,2024-01-02 23:00:00,B,-1.4613065324037366,0.20068021177810813,2.1030516456958646,-2.039153912735786
49,2024-01-03 00:00:00,A,-0.43379342002457033,0.4671027934327965,4.948343347017035,1.8778995367687425
50,2024-01-03 01:00:00,B,-0.4304281733631512,-3.1514554447447294,0.898029671604847,3.7832229675701274
51,2024-01-03 02:00:00,B,-0.2748957850383726,4.695846277645586,2.7537396614945733,-5.7377557524617275
52,2024-01-03 03:00:00,A,0.5524050418707136,2.7513282336111455,3.068693171765433,0.20357449072502654
53,2024-01-03 04:00:00,A,0.6908170016970803,,3.7897863249393473,-3.2328565554815443
54,2024-01-03 05:00:00,A,0.6718505419886156,3.9482735042764876,2.9069831534708954,-1.825308254507881
55,2024-01-03 06:00:00,A,0.6094128475090204,0.9789997881108512,3.2240505395041024,0.6276642144367104
56,2024-01-03 07:00:00,A,1.3293706606268125,4.218742350231167,2.633351432578209,-2.1240290544727647
57,2024-01-03 08:00:00,A,1.261251313892628,-4.115074979480805,3.4051269412451073,11.089727349784562
58,2024-01-03 09:00:00,B,ошибка,-3.040171375808548,2.9058077245025897,10.503006357751163
59,2024-01-03 10:00:00,B,1.4469319547282171,-4.54772711089462,3.985571889856051,12.629109782930518
60,2024-01-03 11:00:00,B,0.4442266087835435,-1.7466966923673564,3.111389663956366,3.7963665138322957
61,2024-01-03 12:00:00,C,0.18603876384671686,-1.1132271031051797,3.9771003939021865,3.2247095906117025
62,2024-01-03 13:00:00,A,0.3434191317277625,-2.286509682261041,3.691737186315022,7.104022122245785
63,2024-01-03 14:00:00,A,0.49021776739410516,3.2873750915192943,4.970050250772168,0.639183953916912
64,2024-01-03 15:00:00,C,0.583777015652976,-1.432466733064107,3.917606276411514,6.825795009658576
65,2024-01-03 16:00:00,A,0.4980473352322795,-2.1906549031261924,2.3229675317931187,6.308021156389333
66,2024-01-03 17:00:00,C,0.7778055475429233,0.4269608315824849,5.486921500713992,6.466966645788979
67,2024-01-03 18:00:00,C,0.4221113708282687,-3.5907577502523735,3.450267699137381,8.450982305607871
68,2024-01-03 19:00:00,B,1.3559818034371014,3.0219698075403976,3.83523366135118,2.1421063806713763
69,2024-01-03 20:00:00,C,0.9978985027343088,-4.254493563202292,4.028338705956507,9.968193430010842
70,2024-01-03 21:00:00,A,1.4083062496170835,4.868869366005173,6.1354380931708175,-0.4832889081750047
71,2024-01-03 22:00:00,A,1.1592815171092392,2.7224476929665737,2.764325786021305,-1.3606892713461545
72,2024-01-03 23:00:00,B,1.0996475087068514,-3.012843184658276,8.178748533659995,12.98671332065932
73,2024-01-04 00:00:00,A,0.9623064362103125,-4.944778828763976,6.240056809066052,14.287565345553087
74,2024-01-04 01:00:00,C,0.6868169860949169,3.154614284548341,5.552238914129159,1.19760516889717
75,2024-01-04 02:00:00,A,0.45743878376037067,,5.421105999383713,2.2107855622005905
76,2024-01-04 03:00:00,B,0.35154371290736564,2.2900716804098735,5.910554074857657,1.0688698342743193
77,2024-01-04 04:00:00,B,-0.2957780164414282,2.712703466859457,6.297122428379338,0.18684586511821286
78,2024-01-04 05:00:00,B,-0.4176083726131926,-4.259553482659096,6.574215585950057,9.316039278916556
79,2024-01-04 06:00:00,A,-0.8774027436718129,-1.4153427145572737,6.6396044660034494,7.043121132427295
80,2024-01-04 07:00:00,A,-0.56705336586164,-3.841309404748703,6.330580681255249,9.388695847505971
81,2024-01-04 08:00:00,C,-1.2722086703396145,3.6310342587559354,6.202661579692674,-3.517725584102684
82,2024-01-04 09:00:00,A,-0.5240353593366657,1.2329812682755792,6.409726716346488,3.8191790804345738
83,2024-01-04 10:00:00,C,-1.0088466379471004,-1.6910197514735081,6.529091719647319,4.499863193484687
84,2024-01-04 11:00:00,B,-1.3160331405442247,-4.364416497139763,8.022770096867065,9.207187428082879
85,2024-01-04 12:00:00,B,-0.7203916219632415,-1.890176782843378,7.649556722280862,6.417906983294708
86,2024-01-04 13:00:00,B,-0.8425230391868573,-1.7481667797325295,4.284611365335721,4.297021801794174
87,2024-01-04 14:00:00,A,-0.29525376630431094,2.2960617833806403,8.051900776529761,2.8385520431818243
88,2024-01-04 15:00:00,B,-0.6987132268361319,1.3755747135521315,7.763736194718775,3.489875899892393
89,2024-01-04 16:00:00,C,-0.6464109987794624,3.8721274257632654,7.725291243554103,1.651215176134428
90,2024-01-04 17:00:00,A,-1.1414939638742512,-0.27785074838050683,7.532481546911114,1.9103409781503862
91,2024-01-04 18:00:00,C,-0.8137705393454826,-3.804057540616983,9.224112719986014,12.066570997347737
92,2024-01-04 19:00:00,A,-1.5312142637425206,2.1324478722299496,9.228526462122858,0.5645902612960897
93,2024-01-04 20:00:00,A,-1.4038252092968788,2.6078504861689744,7.691122332176391,-1.152943430994879
94,2024-01-04 21:00:00,A,-0.7982924872552589,0.6127719756949626,9.056052287124537,4.10932676339279
95,2024-01-04 22:00:00,C,-0.8382609350203138,2.7096717995456103,7.864343265458714,-0.3583246278000438
96,2024-01-04 23:00:00,A,-0.9260106000800312,-0.06204403635609257,7.64538183521107,6.041875157146385
97,2024-01-05 00:00:00,C,-1.245948863400427,0.2273282938199408,8.589282775410036,4.8808333798111665
98,2024-01-05 01:00:00,C,-0.7952302273784035,-0.7245898164145039,10.27139347238276,7.7367350263285335
99,2024-01-05 02:00:00,A,-0.5401679496689001,-4.745808732559048,10.557125045376088,15.835092988288643
100,2024-01-05 03:00:00,A,-0.5968808883590231,-3.9210857300669555,10.314085420097292,11.426606189161346
101,2024-01-05 04:00:00,B,0.51393867326319,-4.685708143132658,10.725095786847998,15.30581105937284
102,2024-01-05 05:00:00,A,0.6326985275025543,1.3641041126378042,10.717178287114958,5.615015783545681
103,2024-01-05 06:00:00,B,0.5765129114338599,-1.856440189236733,9.762518404777047,11.048286290421169
104,2024-01-05 07:00:00,A,0.8677748013032053,0.08570691164702815,11.04092254467394,10.601425797579774
105,2024-01-05 08:00:00,A,1.0669895945164445,4.0756647392609295,11.616409525227683,5.416468278255975
106,2024-01-05 09:00:00,B,0.45823810581560975,-2.5070777085112503,11.779291329813574,14.249867749308835
107,2024-01-05 10:00:00,A,0.9881328675190627,-0.8961707696437031,12.424913371474643,11.849395755617314
108,2024-01-05 11:00:00,A,0.787521611094947,2.5555113854304867,12.157303847201064,8.270773964419037
109,2024-01-05 12:00:00,A,0.580129236250104,-2.7120183450837754,12.015448207541583,15.080272074398135
110,2024-01-05 13:00:00,A,0.6680827761952057,-4.23020090171207,12.951150238316428,18.77544137707766
111,2024-01-05 14:00:00,B,1.1721006579625313,-2.1024854708623195,12.07347874075094,13.263950337229241
112,2024-01-05 15:00:00,C,0.7362723632948819,-3.387787127459956,11.439125348772283,16.017016555595315
113,2024-01-05 16:00:00,A,0.3307422112633174,4.29697652342573,12.380933036056236,2.9330008263155016
114,2024-01-05 17:00:00,B,0.6862446912703454,3.0812037956441696,12.02409735519355,5.972638320677914
115,2024-01-05 18:00:00,B,0.9987570423080658,1.3340375651042349,12.320821725025619,10.387480015616658
116,2024-01-05 19:00:00,A,0.9614158454955407,3.714605901877178,13.080481329284481,6.906401507858813
117,2024-01-05 20:00:00,A,0.8284137601651798,3.0367207689911453,12.663580079000038,6.381070450264354
118,2024-01-05 21:00:00,C,0.7403077137741191,-3.134299411139642,13.38103847036096,16.893168476730885
119,2024-01-05 22:00:00,B,1.2396302791254215,3.925589984899778,12.030385333046214,4.683648532094503
120,2024-01-05 23:00:00,B,1.1927584893269396,0.393422419156507,14.374293707372939,14.445085711715768
121,2024-01-06 00:00:00,B,1.3191941195014287,3.0744015516406247,14.401205475362225,9.34246627233545
122,2024-01-06 01:00:00,A,1.1394470597200743,3.9609129992349317,13.82391136893181,8.515203659988526
123,2024-01-06 02:00:00,B,1.0851541249771646,-1.8199652502813612,15.543245668432405,16.80832097302625
124,2024-01-06 03:00:00,B,0.3649783435213952,-3.8994807547232324,16.06657013762656,18.908857940822305
125,2024-01-06 04:00:00,B,0.6292821577849717,-2.720648374580583,13.768440135631025,15.59010219930779
126,2024-01-06 05:00:00,A,-0.01934197766998265,-0.7289221137374371,14.862275221433785,13.820693324106296
127,2024-01-06 06:00:00,A,0.2384170242769475,3.1801476592249305,15.106857650212701,7.082667522558185
128,2024-01-06 07:00:00,A,-0.8619085895704233,3.6073058325634335,15.189096898891137,5.661097023542089
129,2024-01-06 08:00:00,C,-0.34796458032247324,-4.930478694688093,17.21347484193175,20.088116357263303
130,2024-01-06 09:00:00,A,-0.9502894023385533,0.10747302577565776,16.4471738612272,9.119987445749548
131,2024-01-06 10:00:00,A,-1.267462686832651,-0.8258899685122101,16.635485158689388,11.44198363826806
132,2024-01-06 11:00:00,A,-1.205264637214939,-2.7789218952926973,15.157137635593248,12.704455462620919
133,2024-01-06 12:00:00,A,-1.0834344763906145,-3.8013463266631717,18.059418030209226,18.01658768506325
134,2024-01-06 13:00:00,B,-0.7471381951940298,-1.6238482859637204,16.449741605146528,12.910881587000253
135,2024-01-06 14:00:00,B,-0.5891742375879008,4.4290970391251925,18.015932630266327,7.5167271710640895
136,2024-01-06 15:00:00,B,-0.7995702911564648,-1.7679706797924477,18.502376937958193,15.763641127389269
137,2024-01-06 16:00:00,A,-0.5480175000252097,0.1879062174336612,19.85665859583865,14.32983655571127
138,2024-01-06 17:00:00,B,0.1412775383107826,2.030189588951778,17.46017960088089,11.861306511686191
139,2024-01-06 18:00:00,A,0.0017469644787504457,-1.3637039762070602,16.024487844179177,15.832547102687295
140,2024-01-06 19:00:00,A,-0.45247508729223285,4.717820827209607,19.504849544753696,7.60209946863443
141,2024-01-06 20:00:00,A,-0.678626389155641,4.624472949421111,21.400511181510854,8.055246443216445
142,2024-01-06 21:00:00,A,-0.7809831441371987,-2.4821770417463584,21.119946352939436,17.28328674058456
143,2024-01-06 22:00:00,A,-0.7559970256812607,-0.02751494107614505,20.373659415274627,14.14215613543622
144,2024-01-06 23:00:00,B,-1.3406181793280205,-1.9912169018323036,19.957363814367955,15.65426779893882
145,2024-01-07 00:00:00,B,-1.1524643893224071,-2.151595056225324,21.54312259663731,18.264019335995318
146,2024-01-07 01:00:00,C,-1.548003418133002,-4.6311305264546725,20.051453800295533,19.546705112514402
147,2024-01-07 02:00:00,A,-0.8219738104143636,1.0956433397989684,21.79235776935622,14.834406557009224
148,2024-01-07 03:00:00,A,-0.5653338555186425,0.0267902322886151,22.11447015916663,15.907739796592406
149,2024-01-07 04:00:00,A,-0.656848396673123,-4.485212487500107,22.96420990749888,23.72844869705008
150,2024-01-07 05:00:00,C,0.2534932299789185,-2.2135353576338854,24.96066003891108,24.97980497073442
151,2024-01-07 06:00:00,B,-0.27342322971774186,4.082658859666537,22.892415967178767,11.984923238762692
152,2024-01-07 07:00:00,B,-0.04056716617321482,-2.604381093330276,22.292036374292504,21.599028865394423
153,2024-01-07 08:00:00,A,0.7346928000640436,-3.551051279087769,23.078425687808004,24.656758627070968
154,2024-01-07 09:00:00,B,1.1917441486929028,-0.10547239722436963,21.63992409511088,19.22040477259609
155,2024-01-07 10:00:00,A,1.5198303634389148,4.856504541106007,23.02128686891094,13.321320157395625
156,2024-01-07 11:00:00,B,0.9354629825389822,-2.5794472848849956,23.6157175618869,24.091664076132076
157,2024-01-07 12:00:00,C,1.3813623474350756,1.721355474058786,23.81191160206541,19.985886604178617
158,2024-01-07 13:00:00,C,0.9708898403198917,2.6161961532871754,24.801354872033723,17.636681077043733
159,2024-01-07 14:00:00,B,0.8163338790379938,-2.6236245600760033,24.141580067617802,23.531595582903005
160,2024-01-07 15:00:00,A,1.0047600605398253,2.2821634861185958,26.40203066732447,21.476068718821118
161,2024-01-07 16:00:00,C,0.8179036365966201,-1.322168672807468,25.600207064918198,24.419191125484165
162,2024-01-07 17:00:00,B,0.06460552927913848,1.3230583059357945,25.911699678861385,17.467039942230528
163,2024-01-07 18:00:00,A,0.9438114309891359,1.3352971076089473,25.91610528348708,20.175712500113693
164,2024-01-07 19:00:00,A,0.9327208459839074,0.357746840747585,26.72419068385898,22.819060360762037
165,2024-01-07 20:00:00,A,0.400226251050155,-4.097102299455917,27.721098264667635,30.827576656315674
166,2024-01-07 21:00:00,A,0.814821961109089,3.35302495589238,26.3578697842891,16.578289857552022
167,2024-01-07 22:00:00,A,0.9716599853237835,-1.7921993502826417,26.897883510924743,27.12596652416727
168,2024-01-07 23:00:00,B,1.0238443588401276,-3.1348148960014575,27.585273971223334,30.217616665633454
169,2024-01-08 00:00:00,A,0.872174099488292,-4.592248584452361,26.878129076526786,29.50657003180199
170,2024-01-08 01:00:00,A,0.8741279436269733,0.9089294318824184,27.741742140278504,22.30074183279289
171,2024-01-08 02:00:00,B,1.0363572658159077,1.7756436184228246,28.423779126455344,21.111963157788086
172,2024-01-08 03:00:00,C,1.2862111817386408,-4.834121710721439,30.11538918071273,33.712455133049325
173,2024-01-08 04:00:00,B,0.9116118191755078,0.12093058299281001,29.846561329001926,25.482486852720413
174,2024-01-08 05:00:00,A,0.3869364634531268,-2.7350422480206205,30.122589911367548,29.6341582261136
175,2024-01-08 06:00:00,C,0.4348011691972916,1.4517279040944988,31.126897962167973,24.68371232300766
176,2024-01-08 07:00:00,C,-0.9645321993035029,-3.2563357099500854,30.487628211600605,26.59744567097696
177,2024-01-08 08:00:00,A,-0.06860907953588008,1.90937738102466,31.36646484992889,20.124562585108368
178,2024-01-08 09:00:00,A,-1.2013288894339071,-1.132646536994626,31.225778247067506,24.25568984500189
179,2024-01-08 10:00:00,B,-0.9950228100006332,4.367299887367345,31.949362349399628,17.312031958436062
180,2024-01-08 11:00:00,C,-1.3553439105500587,-3.6247905585400675,31.458241342388423,28.142508778305768
181,2024-01-08 12:00:00,C,-1.4624371187306204,-1.589336489497415,29.96118284172357,23.101403522654696
182,2024-01-08 13:00:00,C,-0.7070179171976603,-3.8652647875941093,32.6267208378137,30.609990116910737
183,2024-01-08 14:00:00,B,-1.1177664968948051,4.246936182785628,34.54674813609994,20.546906049264148
184,2024-01-08 15:00:00,B,-0.7578695867956452,3.7733935338098092,34.41521540224159,20.73807701644978
185,2024-01-08 16:00:00,A,-0.7474036761285814,-2.420583722848444,34.821397484591174,29.61981779468536
186,2024-01-08 17:00:00,A,-0.4739243210260501,1.59984046034179,35.46113072180622,24.5210974277842
187,2024-01-08 18:00:00,A,-0.5114105373751208,3.172222002012159,34.68465759096144,21.796719637322944
188,2024-01-08 19:00:00,B,-0.8853310938278829,0.5520081159946235,35.166315707405595,27.171118166107416
189,2024-01-08 20:00:00,B,-0.22212119310056028,0.29650578356006463,34.72634810456565,26.708776712585106
190,2024-01-08 21:00:00,B,-0.7406439442135173,-2.581477090995483,35.404927143972955,30.695075118723846
191,2024-01-08 22:00:00,A,-1.16915786691041,-4.068972321941008,36.71577114977114,32.6554460979713
192,2024-01-08 23:00:00,B,-0.9583311363482432,3.972157579533267,37.68488443716882,23.371992265180637
193,2024-01-09 00:00:00,A,-0.5009271162541129,4.004180571633304,36.724553724319,24.331355144241694
194,2024-01-09 01:00:00,A,-0.7855498950477235,1.3310145727326796,36.79881073514859,26.322039988355797
195,2024-01-09 02:00:00,B,-1.180397454140198,-1.609702089512993,37.6365279588566,30.2457534968598
196,2024-01-09 03:00:00,B,-1.1451988924614735,-1.507904253873391,38.626206748929114,30.909206828204667
197,2024-01-09 04:00:00,C,-1.0233420558124813,2.259556788702394,36.97214518386646,21.757390063628872
198,2024-01-09 05:00:00,A,-0.11438334726962018,3.9711025995257714,36.51281904686276,23.769985507947126
199,2024-01-09 06:00:00,A,-0.369656147203842,3.870864242651173,38.653463150508415,24.511328278018134
200,2024-01-09 07:00:00,A,-0.05882122334948395,2.798755458576238,38.38028757408584,26.816796475366075
201,2024-01-09 08:00:00,A,0.4346921344015852,1.4203164615428774,39.49185980235269,29.620935224287305
202,2024-01-09 09:00:00,C,0.49927525893189806,-4.158600350049512,40.25321968118253,39.054569908907
203,2024-01-09 10:00:00,B,0.6136097145012425,-3.3837128590538623,40.35075159097699,38.1723650538617
204,2024-01-09 11:00:00,C,0.8358751045649636,3.985541885270793,42.661467534470745,30.844234392873375
205,2024-01-09 12:00:00,A,1.0025549165359375,1.0642905965958995,41.94274476460232,33.58410991325679
206,2024-01-09 13:00:00,C,1.0635851001284677,-4.908029483833704,42.32547435961083,45.43225423580596
207,2024-01-09 14:00:00,A,1.2709136030556998,-3.9852845713396787,43.0582071440434,43.397182197370675
208,2024-01-09 15:00:00,C,0.9879583000490781,1.6350176910805576,41.710166882219234,31.61584090925698
209,2024-01-09 16:00:00,A,1.075279293302035,-4.949384161537813,44.30311178742027,44.88857796559505
210,2024-01-09 17:00:00,A,0.7028092103504401,-3.3919194858250137,43.60523571346454,40.72601109805362
211,2024-01-09 18:00:00,B,0.6355426136038409,0.48733789366586144,44.77048061724121,34.16208041068184
212,2024-01-09 19:00:00,C,-0.06794591626637914,1.918951976926932,43.449142766959845,33.34446535575851
213,2024-01-09 20:00:00,A,0.7750543592455813,1.5196125950260058,43.390241233983936,34.68602535535931
214,2024-01-09 21:00:00,A,0.6273848904150133,-2.757306905394402,46.18688965802503,42.87344918324097
215,2024-01-09 22:00:00,C,0.8966388348804,2.1217922134753584,46.17240952609752,35.71392063072548
216,2024-01-09 23:00:00,A,-0.16054487010759178,-2.6275091250319993,45.32294844564249,38.49651513515437
217,2024-01-10 00:00:00,A,1.4628386998580547,-1.7460030184073227,45.786336918725304,41.6901343227519
218,2024-01-10 01:00:00,A,0.914710890832889,2.4649140511802416,48.21443478441477,37.54537930721124
219,2024-01-10 02:00:00,A,1.376285034559083,1.496328990472147,46.334588107132674,36.52452703933358
220,2024-01-10 03:00:00,C,0.7638386465791085,3.4922341049417795,49.60367295325596,33.440495182099504
221,2024-01-10 04:00:00,B,1.2204542672871208,1.5761289230034334,47.49937926535213,37.84911255456987
222,2024-01-10 05:00:00,B,0.6030941697925898,0.6830860333547157,49.47939192560838,39.62331527601228
223,2024-01-10 06:00:00,C,0.5389919377844996,-4.063252321719075,48.95538152425102,46.47273099396314
224,2024-01-10 07:00:00,A,1.0444529215852678,-1.3228419694056646,50.33218743108234,45.06743738565944
225,2024-01-10 08:00:00,A,0.11512808731327343,-2.3479763231827455,49.63188599788581,44.09533526994052
226,2024-01-10 09:00:00,A,-0.07598607823814785,-2.5601035662091642,50.4622070939277,44.316718673223534
227,2024-01-10 10:00:00,A,-0.18092097317597422,4.730105547524456,51.11691917539572,34.632066460764655
228,2024-01-10 11:00:00,A,-0.5543731554429112,-1.069022753332396,50.52681254421853,39.39726807367428
229,2024-01-10 12:00:00,C,-0.8579563718305159,3.9204655517711338,52.724824345420124,35.087830219495764
230,2024-01-10 13:00:00,B,-0.9189408746326023,,51.92778643352842,38.36380637093553
231,2024-01-10 14:00:00,A,-0.3542621707852184,2.948113035416484,52.67140008465998,35.766863886952585
232,2024-01-10 15:00:00,B,-1.067122425289457,0.0263709310519209,52.36665062539149,38.21664864447401
233,2024-01-10 16:00:00,B,-0.9068708689289218,0.7690388462635909,51.26166634120469,37.29609093923492
234,2024-01-10 17:00:00,C,-0.5339285513870886,-0.07482306181136078,54.09797223739983,41.66121383734744
235,2024-01-10 18:00:00,C,-0.389097353274139,-3.047570122019555,57.16861542161291,50.28147227727382
236,2024-01-10 19:00:00,B,-0.2508464788367745,2.2245211526150532,56.00960428789803,40.3546699600312
237,2024-01-10 20:00:00,B,-0.3370769883455613,-2.192276375591442,55.6767396202656,46.299303764627325
238,2024-01-10 21:00:00,B,-0.8429188147602859,-4.756840335685462,55.90610917079174,49.56267647394646
239,2024-01-10 22:00:00,B,-0.035974211071821416,1.4547229590716784,56.66646589281204,44.19777218765269
240,2024-01-10 23:00:00,A,-0.9459530210278813,-3.2288932059295106,57.66811911517521,49.09897243335563
241,2024-01-11 00:00:00,A,-0.6237326934803262,4.4045858435291425,56.419187184691154,37.101754570141644
242,2024-01-11 01:00:00,B,-1.069019550544575,4.539285770025874,59.19532169466888,38.29928410090609
243,2024-01-11 02:00:00,A,-0.9811788175996982,4.148643902204485,59.27938131544124,40.53024189817339
244,2024-01-11 03:00:00,A,-0.9482757413563281,-1.2984129974455563,59.76718572570793,47.11564486741878
245,2024-01-11 04:00:00,B,-0.9792320947023738,-4.845433834711326,59.97447573880973,54.60477544465013
246,2024-01-11 05:00:00,A,-0.9060484858921036,4.283185625877254,60.044616657693986,40.00931421447661
247,2024-01-11 06:00:00,B,-0.42708195112792297,-0.7181585168268567,61.18886123596682,49.01374347978255
248,2024-01-11 07:00:00,B,-0.5786182666719595,4.666548190436696,61.60081413374138,43.62449298592843
249,2024-01-11 08:00:00,C,-0.5293909858508208,4.636199770892528,61.14995928905898,39.85124631340816
250,2024-01-11 09:00:00,A,0.13243378593933036,3.5300945546736013,61.427398227103104,43.75795856198374
251,2024-01-11 10:00:00,A,0.5136335112245629,-2.055511079304143,62.60185629526199,52.95958743845093
252,2024-01-11 11:00:00,B,0.08786165072252294,-1.1490227139807474,64.55002015149519,54.49173546414849
253,2024-01-11 12:00:00,C,0.8938985780811138,3.5113667151685686,62.2648929243461,48.02185035653794
254,2024-01-11 13:00:00,C,1.1215471545387867,-1.8307799484372236,62.54147473424756,56.69236680053609
255,2024-01-11 14:00:00,A,0.9433556611546919,-3.305072533139075,64.68076084123652,59.81287754815322
256,2024-01-11 15:00:00,A,1.4883513033309406,0.5680126245835018,65.07588770185602,53.98777336347548
257,2024-01-11 16:00:00,C,1.001887788337612,4.36154774160781,65.70934166437041,47.663686318269995
258,2024-01-11 17:00:00,A,0.9996102496632719,1.9602979667497298,66.2929531979085,50.42196633503469
259,2024-01-11 18:00:00,B,0.7908152482536094,0.7006117008936492,66.34079774536521,55.63922467664071
260,2024-01-11 19:00:00,A,0.7191970473264725,-4.028235062292315,68.57086343860209,62.80641551712156
261,2024-01-11 20:00:00,A,0.2731668770537163,1.1500722669916978,65.99909602152348,51.128545265969194
262,2024-01-11 21:00:00,A,0.09398840598386543,4.900538501042632,67.29250297521975,47.99922832956655
263,2024-01-11 22:00:00,A,0.9783688599086324,-3.59915984763476,68.54074523985096,61.21530916639018
264,2024-01-11 23:00:00,B,0.2746076504588199,0.1832965236373676,67.52581118884584,54.70154150076093
265,2024-01-12 00:00:00,C,0.30953786566799457,3.7737307192795537,69.52014559556793,50.401966994580164
266,2024-01-12 01:00:00,A,0.07473809908041096,2.407686177542044,71.88647016572803,54.68580020431048
267,2024-01-12 02:00:00,C,0.6574363458825244,1.9701574099526802,70.77688648829596,54.91757222828668
268,2024-01-12 03:00:00,A,0.5702736449211652,2.024840839871093,71.51970090571868,53.86811886349941
269,2024-01-12 04:00:00,B,1.5424413342202887,-1.4050884878024483,70.56383523482742,61.71915996067623
270,2024-01-12 05:00:00,A,1.3782319731594919,-2.0640815573550664,71.74463859196052,64.29716129779536
271,2024-01-12 06:00:00,C,0.8219840718191523,3.093611554785136,72.52480361967606,54.99417730134746
272,2024-01-12 07:00:00,B,1.5788127849768796,3.1011339467918084,73.12328490324377,57.77966769395015
273,2024-01-12 08:00:00,B,0.9976073679321722,3.6707231858010374,75.26564379500377,55.656115507491755
274,2024-01-12 09:00:00,C,0.34449187733000974,4.132405525564714,75.08669106072512,54.533467521623194
275,2024-01-12 10:00:00,B,-0.6086057742700117,0.11342398860937841,73.96454204306298,57.15977564790772
276,2024-01-12 11:00:00,C,0.5149499642349511,0.015162946871996041,75.871504778432,62.45134017101222
277,2024-01-12 12:00:00,B,-0.8871152554542994,2.9829517896677515,76.67422174849679,55.12221076564921
278,2024-01-12 13:00:00,C,-1.2197422500803041,1.4996393077776515,77.86914903852127,58.296449445326544
279,2024-01-12 14:00:00,B,-0.6123477091417933,2.0196687725770337,78.86454068656838,59.925144398263434
280,2024-01-12 15:00:00,A,-0.30469637386656645,2.95792669436101,76.82590580817214,57.10606043238445
281,2024-01-12 16:00:00,B,-0.6605285791636157,3.9000534181756628,77.58914248878966,55.17329513973465
282,2024-01-12 17:00:00,A,-0.8746574535221212,-1.620048431484642,77.70342214108538,61.84528319453962
283,2024-01-12 18:00:00,B,-0.7781614767798506,-1.24417047360056,79.28998014089302,63.73913075888865
284,2024-01-12 19:00:00,A,-0.5803016207897469,-4.06018060159131,80.55535837444633,68.8408639583487
285,2024-01-12 20:00:00,B,-0.4806531664144841,0.7828014099617402,81.6433345165891,62.83509520879548
286,2024-01-12 21:00:00,A,-0.5128783747316895,-4.640577262032579,81.14904897635749,70.47981417392124
287,2024-01-12 22:00:00,A,-0.49217801646005155,-0.3440198186753989,81.47615247674516,63.73267010170687
288,2024-01-12 23:00:00,A,-0.5189339952046935,0.4264463470757658,82.52075799224875,62.38173029364197
289,2024-01-13 00:00:00,C,-0.7577036657532572,-2.134587478717156,82.10885709836998,66.70541651693745
290,2024-01-13 01:00:00,A,-0.696154579569048,0.9083326056901075,85.61053872169478,65.92700236160674
291,2024-01-13 02:00:00,A,-1.234911228641633,-4.694997500609506,82.49233897288195,69.21836792650907
292,2024-01-13 03:00:00,B,ошибка,-4.626518112507856,84.86574057889572,73.07807355199843
293,2024-01-13 04:00:00,B,-1.2689518664521662,3.2260056065965834,87.28760621922963,64.35344125689547
294,2024-01-13 05:00:00,A,-1.383701535129339,-1.3980935858873709,85.85579984456,69.03743373947262
295,2024-01-13 06:00:00,A,-1.020783525735377,-3.7293948734811524,86.24596096499852,74.19283553987032
296,2024-01-13 07:00:00,A,-0.606434608456778,0.2224326005480437,86.66755457718958,68.17865342094878
297,2024-01-13 08:00:00,C,-0.6192850774897666,2.6999355309861084,87.4356083182376,65.82752302611783
298,2024-01-13 09:00:00,A,-1.1624725393344066,-2.8417897250315685,89.58184847467653,72.87925355815199
299,2024-01-13 10:00:00,A,-0.7245269521950509,1.2289047581900023,86.5921380886705,65.3369591622393
300,2024-01-13 11:00:00,A,0.15662425820441905,-4.14652535006232,90.93443370129633,76.5414432964019
301,2024-01-13 12:00:00,A,-0.10691250055469406,-4.483182788313923,88.57604284754986,78.55792893344369
302,2024-01-13 13:00:00,B,0.416846837874201,0.3135463156814797,90.33434767076558,74.17117631865854
303,2024-01-13 14:00:00,A,0.9024233720452444,0.40635121610106495,90.77475557970135,73.26194713835271
304,2024-01-13 15:00:00,A,0.6363482039881776,1.374299014982066,92.39755326977071,72.8753387949226
305,2024-01-13 16:00:00,A,1.0720342330097332,2.260913337226615,90.81787564811624,70.65313686498159
306,2024-01-13 17:00:00,A,0.675594165342378,4.758520794625346,93.48717266608195,69.38579882308979
307,2024-01-13 18:00:00,A,0.8602061244964111,0.1630034830119529,95.66030962328685,79.12908726840762
308,2024-01-13 19:00:00,C,1.0470896336871645,-1.7704352705875404,92.88582599540719,77.31572099570036
309,2024-01-13 20:00:00,B,0.35199846799896567,2.9518619476870365,95.0537061676104,72.72860747919795
310,2024-01-13 21:00:00,C,0.8343257187006015,-2.291677487379258,94.8190178222034,80.68471015451367
311,2024-01-13 22:00:00,C,0.5866256295871219,-0.6102857929436389,96.52588720619305,79.42278410551084
312,2024-01-13 23:00:00,B,0.6867482252598457,-4.215436186577341,96.74014777741576,85.54776295399259
313,2024-01-14 00:00:00,A,0.5676076667907106,-4.746492565845425,96.7025130909557,85.4287622163413
314,2024-01-14 01:00:00,B,0.9436992336853494,4.6264841467792515,98.45687228487108,73.6095832216929
315,2024-01-14 02:00:00,C,0.6546039199873517,3.359801205122059,100.40034810978675,76.37590935256638
316,2024-01-14 03:00:00,B,0.604505840127248,1.9597420609369802,99.03409620827271,78.46699175725549
317,2024-01-14 04:00:00,B,0.8985100022245497,-0.9104705558573016,100.57575794214819,84.04209215208111
318,2024-01-14 05:00:00,A,1.140445545212152,-3.2670567992915425,99.19572704212884,86.75864146080204
319,2024-01-14 06:00:00,C,1.0699239745089208,-3.4356295732891393,100.16756362318199,86.15639148640486
320,2024-01-14 07:00:00,B,1.086210183375514,-2.497571018354047,102.23340627788038,87.32692217337326
321,2024-01-14 08:00:00,C,0.8088454358201856,0.4922666470612045,103.88411602853597,84.88525288421651
322,2024-01-14 09:00:00,A,0.6874202523144092,2.145959227000623,103.39661334878566,80.91088891628034
323,2024-01-14 10:00:00,A,0.25863317426056603,1.6019737671773129,103.37094196947685,81.47059074292578
324,2024-01-14 11:00:00,A,0.9381118126035888,-2.2006610305405716,104.32829140542336,90.40636009568436
325,2024-01-14 12:00:00,B,-0.26318955750290973,4.5486528066319405,103.72559226603028,76.66972155707931
326,2024-01-14 13:00:00,A,-0.4111631153415579,2.3789691669576847,106.22951532635537,80.6859906176644
327,2024-01-14 14:00:00,A,-0.7136429427497216,0.5435405251140066,107.15833306232341,82.97308060649254
328,2024-01-14 15:00:00,C,-0.4800544597138486,1.1172074623435222,106.47690966716692,79.99205802473466
329,2024-01-14 16:00:00,A,-1.0228773794484414,-0.8039993757221007,107.1139578522405,84.68302566400583
330,2024-01-14 17:00:00,C,-0.6697008653112229,-2.5226901049884254,108.50687822965205,88.92412351476499
331,2024-01-14 18:00:00,A,-1.2776621412815496,-1.4402732134873841,108.4632802639594,86.76607594323087
332,2024-01-14 19:00:00,C,-0.9535673969747759,2.578461104643691,109.49486738537418,81.66716223040957
333,2024-01-14 20:00:00,B,-1.196246345070885,,112.32372178916651,94.43019735230833
334,2024-01-14 21:00:00,C,-0.17990619110695139,-3.8392735949308374,110.641974299254,92.13327851907833
335,2024-01-14 22:00:00,C,-1.0523604267867224,-4.5399735797824725,111.19765984797877,92.72339956533322
336,2024-01-14 23:00:00,A,-0.49494884843490516,-4.592711976810299,111.57745819436485,95.63778786463809
337,2024-01-15 00:00:00,A,-0.32856037546004324,3.5546058401100726,113.64019197149993,86.63903169724745
338,2024-01-15 01:00:00,A,-0.3767095968359172,2.036578593800237,113.3877758267819,86.80440819330771
339,2024-01-15 02:00:00,B,-0.5931094740377245,-0.2582617091267476,113.59462696167857,90.40468625853167
340,2024-01-15 03:00:00,C,-0.6611529829926205,-4.021658393489985,116.24230403227301,98.65650300702096
341,2024-01-15 04:00:00,A,-0.7265186377000868,-0.08384124883167665,117.01960300451364,91.47751306525801
342,2024-01-15 05:00:00,B,-0.9122226695087892,-0.2652822921943434,115.6805764342613,91.48475328996842
343,2024-01-15 06:00:00,A,-0.6932786461316336,-3.267981300899848,115.09746004863938,94.85289259166585
344,2024-01-15 07:00:00,C,-0.3946011969282881,-0.6614835076202699,118.65651368983693,95.9930582579344
345,2024-01-15 08:00:00,C,-1.240375796902012,-1.0149526560262654,117.65137017424,93.31417657757912
346,2024-01-15 09:00:00,A,-1.4255929498752766,1.1585009805221649,119.81562559916277,91.56201492277786
347,2024-01-15 10:00:00,A,-0.904099272414631,1.3509365086764378,117.74589618228818,89.57951504056804
348,2024-01-15 11:00:00,A,0.10655554680024226,-4.546959902279555,121.30159733829932,104.78186117727006
349,2024-01-15 12:00:00,B,-0.6398476682806526,-1.2538738537352878,119.89282807071922,98.60009082184803
350,2024-01-15 13:00:00,B,0.39742857245025365,1.2585991571423634,122.53176411906652,95.92445800901197
351,2024-01-15 14:00:00,A,0.722013043231021,0.03136258580087681,122.51427306783643,99.06864165438235
352,2024-01-15 15:00:00,A,0.3458159854709129,3.564898411883222,122.24706058060336,93.37354029176777
353,2024-01-15 16:00:00,A,0.9301875611850412,1.5869363161894503,123.49696368707322,99.0639478097403
354,2024-01-15 17:00:00,B,1.4302597341345058,-3.370655729185703,125.29531845695671,107.59321154232347
355,2024-01-15 18:00:00,B,0.933689873673477,,125.42189445311524,105.81333380868996
356,2024-01-15 19:00:00,A,1.014177320064699,1.4241927820631561,126.60941298047248,102.53878534557668
357,2024-01-15 20:00:00,B,0.8592761355839101,-4.734886894583782,128.7124405845155,112.55134120024003
358,2024-01-15 21:00:00,B,0.635625398292518,0.8577558127346325,125.88475838828894,98.9494762576276
359,2024-01-15 22:00:00,A,0.622209278632865,4.402302414249576,129.78121257496863,97.85836620408672
360,2024-01-15 23:00:00,A,0.3228453525774277,0.75474177875879,128.98535593752322,104.27004521656258
361,2024-01-16 00:00:00,B,0.5935972286722084,-1.118300737934781,128.70121595167686,107.27341474404595
362,2024-01-16 01:00:00,C,0.2855240172338695,1.4328821844235318,128.990686374261,102.55291387992018
363,2024-01-16 02:00:00,A,0.5715393428100006,-0.41747109508483327,130.854879609223,106.2770765816658
364,2024-01-16 03:00:00,A,0.07394242848582483,0.4561678931593498,132.69065011192447,105.69914052558471
365,2024-01-16 04:00:00,A,0.7267243596392304,4.414648087765251,132.3684508796225,100.59531148620246
366,2024-01-16 05:00:00,B,0.9960835724812307,-1.1389736219922577,134.73615493024735,112.61779130541758
367,2024-01-16 06:00:00,A,0.276267286343178,4.611905638239142,132.50482430994842,98.76269315679127
368,2024-01-16 07:00:00,A,1.099547254886585,4.053506419560637,134.67691105215394,103.05456406727116
369,2024-01-16 08:00:00,B,1.4283995847406292,-3.0420886521070356,134.1716065555869,115.76749197894735
370,2024-01-16 09:00:00,B,0.7091449801409566,-4.3063869912483455,136.52463188262496,117.05321449774284
371,2024-01-16 10:00:00,A,1.5114343534286605,-3.9922199862257335,137.78688739009732,120.61917595372759
372,2024-01-16 11:00:00,A,0.9944594240818662,-4.8177817434845025,137.22023820631892,118.32026982146508
373,2024-01-16 12:00:00,B,0.443648687416035,-4.055570392440716,135.7797861433729,115.53970351785263
374,2024-01-16 13:00:00,A,0.3674305142133228,1.8300677341635687,139.32794814679647,108.52970495977452
375,2024-01-16 14:00:00,A,0.2461199328342236,-4.28811351539771,140.3127385517335,119.1819636615754
376,2024-01-16 15:00:00,C,-0.21126232067095665,-1.8102436970623872,141.0292947549617,113.63772977122224
377,2024-01-16 16:00:00,A,-0.36392210925566315,3.448753109694545,142.61178219182216,107.70081844944963
378,2024-01-16 17:00:00,B,-1.0464903883051748,-4.767280642641741,141.05794632035094,116.46804337870489
379,2024-01-16 18:00:00,C,-0.8980872720046605,3.1446848258893585,143.56421610545047,109.03209433470829
380,2024-01-16 19:00:00,A,-1.4747505025646033,-2.1814522522660007,144.83350751247798,116.90607272301183
381,2024-01-16 20:00:00,A,-1.1080806921050237,-3.8183517237834375,142.6214124159935,115.87823340377557
382,2024-01-16 21:00:00,B,-1.3013355774807736,1.9673716536415062,145.48065182591898,112.16467857081194
383,2024-01-16 22:00:00,C,-1.1550477298627255,1.2894284677988397,145.41982016899235,114.58903310019002
384,2024-01-16 23:00:00,C,-0.43969669662599603,3.7747201352705293,146.60747732689833,110.79051465209723
385,2024-01-17 00:00:00,B,-0.35663270444342626,2.350710438038858,147.80367648353837,113.36249586066093
386,2024-01-17 01:00:00,A,-0.3962089750601163,,147.73777143588643,115.66991583381923
387,2024-01-17 02:00:00,B,-0.8421636862652724,,148.3202919208384,118.92241907726807
388,2024-01-17 03:00:00,A,-0.5970184431065968,-3.225604562202772,149.80315241748804,123.5069983579505
389,2024-01-17 04:00:00,A,-0.18009019492102424,2.506147516408584,149.45675406113722,115.62562385708677
390,2024-01-17 05:00:00,A,-0.5902796258157066,3.0683473926726403,150.23517487111482,115.75020717670391
391,2024-01-17 06:00:00,A,-0.05661400206647815,4.905051420006734,152.7793732829565,115.11243246734892
392,2024-01-17 07:00:00,B,-0.7626198874002649,-0.8738232308857352,151.73220596484134,120.6726259476127
393,2024-01-17 08:00:00,A,-0.9345021505472764,-1.279819142072168,154.33031250090923,122.56379004235313
394,2024-01-17 09:00:00,A,-1.1550210215359853,2.764129607419968,154.91159129285396,117.1312147598351
395,2024-01-17 10:00:00,A,-1.0306962949082112,-1.5919645974698216,153.5101932712094,122.12778156241069
396,2024-01-17 11:00:00,C,-1.0502157030463395,4.3075732560356474,155.34743534766434,115.76398230777001
397,2024-01-17 12:00:00,B,-0.6472764465982626,3.584127518430119,158.01010940304738,119.17314717173572
398,2024-01-17 13:00:00,A,-0.3557914685443851,-0.710059726249817,156.62783446886033,124.16173643408447
399,2024-01-17 14:00:00,A,-0.6052866784822336,2.5087106779149737,157.9395957376906,122.63318300469047
400,2024-01-17 15:00:00,A,-0.46228906880037374,2.5454287408468232,159.6630608932519,122.4900549423015
401,2024-01-17 16:00:00,C,-0.30149013032973104,-3.968761311640674,160.78339050928258,132.7087373092523
402,2024-01-17 17:00:00,B,0.6914845860154892,4.0255290667956665,160.54946111395552,123.61598532851436
403,2024-01-17 18:00:00,B,0.44990683868364684,0.05252372447857123,161.00648980530838,129.6945915008638
404,2024-01-17 19:00:00,B,0.3099888425759181,3.2645746610774165,163.8313698616985,125.04174485731549
405,2024-01-17 20:00:00,A,1.1702214499748076,-1.7995039896938825,164.9548996637976,137.3352662826543
406,2024-01-17 21:00:00,C,1.8219008378454022,3.9552322849620047,165.0038580507818,128.66688212018295
407,2024-01-17 22:00:00,B,1.0245956106365817,-1.107983212658369,164.92131814256504,137.35924936350355
408,2024-01-17 23:00:00,A,1.180201594586653,-4.891623485197016,164.84073427835907,142.09438635173282
409,2024-01-18 00:00:00,A,0.8285992733181126,4.053819764192637,165.63355559344345,127.6834133849927
410,2024-01-18 01:00:00,B,0.648411747613422,-4.087133232138664,167.80351410526578,140.9251668573301
411,2024-01-18 02:00:00,C,0.8503546894869258,-1.8068636240958513,168.51839822088868,139.12075568426496
412,2024-01-18 03:00:00,A,0.42547360555843367,4.5006196705080495,170.32259859294643,130.97088732129524
413,2024-01-18 04:00:00,C,0.5831437272669854,4.506071469375561,170.39445009253615,130.69724619591435
414,2024-01-18 05:00:00,B,0.6439561728597334,0.7343788812328613,169.0659196982402,135.22192097532547
415,2024-01-18 06:00:00,A,0.4377804058514829,,172.44794761772295,136.9147310141522
416,2024-01-18 07:00:00,A,1.0564356512974293,-0.5155447802168025,171.2269393726856,139.2638810398316
417,2024-01-18 08:00:00,A,0.8343126829001849,-2.0678922830193547,172.67202872804765,142.5648808459245
418,2024-01-18 09:00:00,B,0.7700757049059449,-1.7133545463008404,174.1392002062517,141.33575095535952
419,2024-01-18 10:00:00,A,1.2252704422810343,1.7251845607703844,176.71966748978394,142.21222426608603
420,2024-01-18 11:00:00,A,0.7997505851845248,2.5237452943768,178.67091855600538,141.04941585392993
421,2024-01-18 12:00:00,B,1.0075428777072208,2.915790437258485,177.0067230591362,138.47332270280225
422,2024-01-18 13:00:00,B,0.8477463363923845,2.896181427945539,177.05780338127963,140.8961982172454
423,2024-01-18 14:00:00,A,0.956078169639218,-4.087938969513097,178.61850564848055,151.0258857927249
424,2024-01-18 15:00:00,A,0.4971438372158623,-0.05579695297418574,179.81665542587385,143.89516387261688
425,2024-01-18 16:00:00,A,0.03969395850883027,-4.424412399833557,179.45533237444283,151.13700983779273
426,2024-01-18 17:00:00,B,-0.019292066040015488,0.4952888232373551,182.42021135591233,145.55269993430306
427,2024-01-18 18:00:00,C,-0.1354421533845261,-0.5846949862662303,181.7060707591914,146.36559476546765
428,2024-01-18 19:00:00,A,-0.624033160235092,3.877041827582998,182.8267430890914,138.77200980477684
429,2024-01-18 20:00:00,C,-0.9595157570076989,-1.4908498744792134,183.84992425205445,147.84767842312502
430,2024-01-18 21:00:00,B,-1.4500147829009742,-3.829329835723941,184.46258661061447,150.15227618605445
431,2024-01-18 22:00:00,B,-1.392651599063261,-3.5700831794716414,185.73894050046962,151.7169154231025
432,2024-01-18 23:00:00,B,-1.1141112675584817,2.615106317174723,185.14374681345308,140.05917098587278
433,2024-01-19 00:00:00,A,-1.1057060828629066,1.182180633162611,186.06569824605396,144.43400201839427
434,2024-01-19 01:00:00,A,-0.853664588981031,-3.9887732387720973,186.3888457670283,155.10906239162694
435,2024-01-19 02:00:00,B,-0.6551939511194952,-4.158931938850026,188.79550123062023,155.19734353513195
436,2024-01-19 03:00:00,B,-0.41151032628216055,2.0096913145911994,190.0039365035121,147.5617532808654
437,2024-01-19 04:00:00,B,-0.5319248142738956,-4.272369936358064,190.5537728661519,157.33976223046085
438,2024-01-19 05:00:00,A,-0.35794307915289436,3.218600592903563,192.64349243334752,147.35620076312824
439,2024-01-19 06:00:00,C,-0.5316492282490962,2.0624222715649623,191.83840398117096,147.10551054486285
440,2024-01-19 07:00:00,B,-1.2363362850302972,-4.186512193581002,193.38974165559253,158.28830264626134
441,2024-01-19 08:00:00,A,-1.0470526568270158,-4.15162285914808,192.50829912386067,158.27582769823826
442,2024-01-19 09:00:00,A,-0.9361671226304045,4.866395785011754,194.0939002975256,146.05068724670338
443,2024-01-19 10:00:00,B,-1.3642829027472547,-1.257292042438797,196.05953775756578,155.86012390226844
444,2024-01-19 11:00:00,B,-0.8862123415061652,-1.293578529331091,197.09810211074313,157.8894656704292
445,2024-01-19 12:00:00,A,-0.6084082124396607,3.1279956725750253,196.8420330523358,152.58765797967757
446,2024-01-19 13:00:00,C,-0.627875611601096,4.472485773838587,197.95340074814195,150.20779452862428
447,2024-01-19 14:00:00,A,-0.9051069924887045,4.860010638228708,197.3981262533192,148.24418848324763
448,2024-01-19 15:00:00,A,-0.1704589465107445,2.5337818525894162,199.4519707991934,155.138860482561
449,2024-01-19 16:00:00,C,-0.295297870520285,-1.2374041446908421,201.5943831635198,163.12036376656832
450,2024-01-19 17:00:00,C,-0.13259985143623976,,202.17620501610656,169.135280438076
451,2024-01-19 18:00:00,B,0.09579110699508786,2.7714691592743677,203.0006657213812,157.8067673130144
452,2024-01-19 19:00:00,C,0.47505684909413615,0.58404249735805,203.45077368718097,162.93360268892488
453,2024-01-19 20:00:00,A,0.6852116998553484,-0.7577799075302369,204.31106315862817,166.29430122984456
454,2024-01-19 21:00:00,C,1.020316309217713,4.06354385094736,204.54867886052656,158.59168192370683
455,2024-01-19 22:00:00,A,1.1072571160659508,-3.888025176938487,206.81482842020256,173.51883190091462
456,2024-01-19 23:00:00,A,1.0729780304474585,-0.07374895709140894,207.44597294438938,166.74768399470145
457,2024-01-20 00:00:00,A,1.1496283374145706,-4.886463552325809,208.4280188479928,174.60231677797273
458,2024-01-20 01:00:00,A,1.2741799822777549,-0.3133935800587375,208.32296515733245,170.04356886840185
459,2024-01-20 02:00:00,A,1.0759622829086557,-4.436967243181627,207.61065708012876,174.51202635336202
460,2024-01-20 03:00:00,A,0.22088995994444172,-3.8118208373192806,211.7781527117537,175.78431375289202
461,2024-01-20 04:00:00,A,-0.19986479029480275,-3.8247375322289514,211.1211625439916,174.21641177593875
462,2024-01-20 05:00:00,A,0.7894242648064722,1.492103021160636,211.6582242359569,167.69087333797373
463,2024-01-20 06:00:00,B,0.09493448334956273,2.4604487926542333,214.137478911914,167.76392460528464
464,2024-01-20 07:00:00,A,0.48722244723628944,0.833687650971596,213.97698736008087,169.67240200106502
465,2024-01-20 08:00:00,A,0.29822457154857296,4.6217254847454186,216.3559363840466,168.1395823812177
466,2024-01-20 09:00:00,B,0.23110289881424662,-1.2512942047629592,216.8420059495767,174.45678151957435
467,2024-01-20 10:00:00,C,1.0614715657707803,-2.1428791371813927,217.8395693232005,179.4131320249055
468,2024-01-20 11:00:00,B,1.233586237564312,3.6859912818946032,216.72304428879946,169.27434939527905
469,2024-01-20 12:00:00,A,0.8949512761952855,-2.764041614805474,220.2359439853864,182.6951413362687
470,2024-01-20 13:00:00,B,0.28847232238145815,4.632225394406113,220.22225053123387,169.47497560685937
471,2024-01-20 14:00:00,A,0.8238485865464809,-4.878455253101837,220.5307228607538,184.87129162172755
472,2024-01-20 15:00:00,A,0.9490280509646698,4.69878826707639,221.98438846734226,173.2905860202401
473,2024-01-20 16:00:00,A,0.1612331370768747,-4.568400880494239,221.00776476710166,184.01071000025397
474,2024-01-20 17:00:00,C,0.3799923533596907,3.9114311369807115,224.13765281148068,174.71960469636886
475,2024-01-20 18:00:00,A,0.01114588434460589,0.2770110908629988,223.64662849181795,177.54275198933163
476,2024-01-20 19:00:00,A,-0.12115044810644632,4.9296479611930035,224.27232971415646,170.3762739893953
477,2024-01-20 20:00:00,A,-0.5430902871710376,-4.262034352646012,225.0536408137821,185.45699156769274
478,2024-01-20 21:00:00,C,-1.1037011794164906,0.5385428440132074,228.6416883749899,179.5792877196444
479,2024-01-20 22:00:00,B,-0.6165936883136582,4.69302535619099,227.85473660630723,174.63749854658593
480,2024-01-20 23:00:00,A,-1.1090704630718378,0.23097844170148818,230.9747277099165,182.13526512657475
481,2024-01-21 00:00:00,B,-1.0790343675024325,1.2939863813526253,229.8641985369477,179.997385861759
482,2024-01-21 01:00:00,B,-1.2944090821923224,1.9574868898461713,229.65364204240709,176.57448260483054
483,2024-01-21 02:00:00,B,-1.0440432558230022,-0.4545893523222677,231.20747556005136,185.44821490449274
484,2024-01-21 03:00:00,A,-1.0500629973054776,1.2755808008406344,234.52481162000694,183.44211011510163
485,2024-01-21 04:00:00,C,-0.7124764486842843,,234.10010182206332,185.2880008517748
486,2024-01-21 05:00:00,A,-0.04880125768409471,4.011580104909889,234.6767127035094,180.7903058198549
487,2024-01-21 06:00:00,B,-0.9191863815841366,-4.545536196585421,236.35601822585278,194.37275601460945
488,2024-01-21 07:00:00,A,-0.9903075196205477,-2.190368104077697,237.67078273616755,190.13871854228475
489,2024-01-21 08:00:00,A,-0.11707562221825746,4.504114840765588,239.26139881590245,184.87086338539672
490,2024-01-21 09:00:00,A,-0.7176885595456979,3.902637838909163,240.56949922989293,184.8102914220734
491,2024-01-21 10:00:00,B,-0.9788766144257357,-0.4434324721428702,239.74023135421092,190.52877106666716
492,2024-01-21 11:00:00,A,-0.5931016544919453,1.2013259780153671,239.75495231391798,189.51374360525756
493,2024-01-21 12:00:00,B,-1.1918766954141218,-2.2261881701886734,241.65053483887672,193.0434164243359
494,2024-01-21 13:00:00,A,-0.5216528314794527,-3.118788402762387,243.3092805065829,197.5978096158382
495,2024-01-21 14:00:00,B,-0.8603669189685716,-0.3630159506001789,243.0722410737894,193.73890722808142
496,2024-01-21 15:00:00,C,-1.1281155381095247,-1.4664777197394718,244.06784908510497,197.29598624602087
497,2024-01-21 16:00:00,B,-0.1745292972814445,0.8365611185087207,246.35978788154986,195.34584769825244
498,2024-01-21 17:00:00,B,-0.7737160640721776,-4.222653630350152,246.96034764842958,202.94596255404846
499,2024-01-21 18:00:00,B,-0.08736790699327826,4.743948076661665,248.0367969954116,191.03180819749178
500,2024-01-21 19:00:00,A,0.08978777412193435,4.862107444796029,248.24250466529995,193.4226637080461
